acc,name,Hashtags,Comments,Likes,Eng rate
POH,plusoneherbal,#whiteningcream #skinglow #skinwhiteningcream #ad #shalini_cutiepie__,19,270,0.11
WPP,whitning_product,#skinwhitening #skinwhiteningcream #whiteningcream #glowingskin #treding #reels #koreanskincare #koreanskincareproducts #skincare #whiteningsoap,9,37,0.14
NCI,noor_care_india,#skinwhiteningcream #fairnesscream #antiacne #pimplecream #dtan #skincare #beautycream #whiteningcream #instagram #post #viral #amazon #delhi #delhi6 #westbengal #kolkata #maharashtra,2,16,0.81
SRW,skin_renew,#SkinRenew #acnescars #whiteningcream #whiteningcreams #renewalcomplex #retinol #retinolserum #skinwhitening #skinwhiteningcream #skinwhiteningproduct,0,5,0.23
HBF,henna_by_fizaarts,#skinwhitening #skinwhiteningcream #whiteningcream #glowingskin #treding #reels #koreanskincare #koreanskincareproducts #skincare #whiteningsoap,1,20,0.62
SWC,skin_whitening_cream77,#skinwhiteningcream #skincare #skincareroutine #makeupartist #nomakeupmakeup #nopimples,2,14,0.1
HCS,hoorcosmetics98999,#skin #skintreatment #whitening #skinwhiteningcream,2,14,0.5
CBD,chosen_by_dermatology,#redcovery #tranexamicacidserum #steroidskin #pigmentation #evenskintone #skinwhiteningcream #skincare #skincareroutine #skincareproducts #chosen #chosenstore #chosenbydermatology,4,238,0.22
SSW,shahs_skin_whitening_cream,#skincaredaily #customerexperience #customerreview #noacne #noblemishes #skinwhiteningcream #activeacne,6,26,0.21
TCC,theceelcom,#theceel #skinwhiteningcream #glutatyon #cilt #ciltbeyazlatma,0,32,0.14
WCS,whitening_creams_and_serums,#whiteningcream #pimplesolution #skinwhiteningcream #bodywhiteningcream #acnefacewash #koreanskincareproducts #organicskincareproducts #facebooster #glowingskincare #pigmentationcream #whiteningserum #bridalwhiteningcream #pinkishwhitening #instantresults #dmtoorder,15,62,1.15
ARS,arshbeautyofficial,"#bridalmakeupartist #bridalhair #indianbride #indianwedding #bridetobe #makeuptutorial #weddingdress #makeuplooks #weddinginspiration #bridesmaids #makeupideas
#facewhiteningcream #whiteningcream #facewhitening #skincareroutine #skinwhitening #skinwhiteningcream #skinbrightenin #skincareproducts #fairnesscream #explore #explorepage #viralpost
#bridalmakeup #makeupartist #makeup #bride #weddingmakeup #bridallehenga",13,163,0.02
RMB,rmbeautyshop_,skincare #skincareroutine #skinwhitening #skinwhiteningcream #success #nightcream #skin #cosmetics #india #tamil #tamilnadu #chennai #pallavaram #instagram #product #productphotography #cream #gluthatione #gluthationcream #gluta #thailand #malaysia,0,7,0.13
GBM,glamupbeauty.official,#bridalcream #fairnesscream #skinwhiteningcream #whiteningcream #bridetobe #bridalmakeup #bridal #bride #bridalglow #bridalglowcream #glambeauty,15,161,0.2
PLW,pinkladywhiteningcream,#srilanka #colombo #skincare #skinwhiteningcream,0,7,0.38
NGG,natures_glow25,#extrabodywhitecream #extrawhitening #whiteningcream #skinwhiteningcream #skincareproducts #skincare #skinpolish #fairness #fairnesscreams #glowglowing #glowingskin #darkspots #darkspotremoval #darkspotsolution #rashes #pimples,0,5,0.14
NTC,navathacare,"#SkinCareRoutine #NaturalGlow #FlawlessSkin #AloeVeraMagic #SkinWhiteningCream #HealthySkinTips #GlowUpJourney #NaturalSkincare #BeautyEssentials #OrganicSkincare #RadiantSkin #GlowingSkinCare #SkinBrightening #SelfCareRituals #BotanicalBeauty
",0,6,0.09
VCP,vcare.product,#vcare #skinwhiteningCream #Skincare #skincaretips,9,400,0.07
NCM,nallur_cosmetics,#skinwhiteningcream #skinrejuvenation,0,4,0.65
JSC,jiviskincare,#jiviskincare #skincareroutine #glowingskin #skinwhitening #skinwhiteningcream,1,9,0.06
ADT,adtayur,#fairnesscream #skincare #glowingskin #whiteningcream #skincareproducts #beauty #fairness #skincareroutine #skinwhitening #skinwhiteningcream #skincaretips #beautiful #acnetreatment #skin #whitening #pigmentation #mumbai #healthyskin #acnecream #followforfollowback #cosmetics #india #like #hyderabad #skinbrightening #naturalskincare #onlineshopping #fair #skinwhiteningsoap #selfcareismandatory,5,11,0.05
SBC,shifa_bridal_cream_,#skinwhitningcream #skinwhiteningcream #skinbrightening,0,3,0.4
TFG,24kgold_whitening,#skin #skinwhiteningcream #whiteningbooster #trending #trend #trendingreels #viral #viralvideos #insta,14,18,0.99
ARB,amrbeauty19,#whitening #whiteningbodylotion #whiteningcream #teethwhitening #skin #skinwhitening #skinwhiteningcream #glow #glowup #glowingskin #explore #explorepage #exploremore #explorar #postmalone #post #newpost #postworkout #postoftheday #photography #photooftheday,15,217,0.18
TCM,theceelcom,#theceel #skinwhiteningcream #glutatyon #cilt #ciltbeyazlatma,1,29,0.06
LSC,lakshmi_skin_care_,#pigmentationsolution #skincare #skinwhitening #openpores #nightcream #skinwhiteningcream,0,0,0.07
SWH,shahs_skin_whitening_cream,#bodywhitening #beutifulhands #handwhitening #acnescarstreatmentph #bodyscrub #bodylightning #bodywhiteningserum #skinwhiteningcream,0,15,0.23
ABB,arshbeautyofficial,"#bridalmakeupartist #bridalhair #indianbride #indianwedding #bridetobe #makeuptutorial #weddingdress #makeuplooks #weddinginspiration #bridesmaids #makeupideas
#facewhiteningcream #whiteningcream #facewhitening #skincareroutine #skinwhitening #skinwhiteningcream #skinbrightenin #skincareproducts #fairnesscream #explore #explorepage #viralpost
#bridalmakeup #makeupartist #makeup #bride #weddingmakeup #bridallehenga",0,19,2.00%
NAV,navathacare,#SkinCareJourney #HealthySkinTips #NaturalGlow #NavathaCare #SkinWhiteningCream #AcneSolutions #DarkSpotTreatment #UnderEyeCare,0,4,7.00%
NAL,nallur_cosmetics,#fairnesscream #skincare #glowingskin #whiteningcream #skincareproducts #beauty #fairness #skincareroutine #skinwhitening #skinwhiteningcream #skincaretips #beautiful #acnetreatment #skin #whitening #pigmentation #cosmetics #india #like #skinbrightening #naturalskincare #onlineshopping #fair #skinwhiteningsoap #selfcareismandatory #kadayanallur #tenkasibeauty #tenkasi,1,15,65.00%
NAT,natures_glow25,#extrabodywhitecream #extrawhitening #whiteningcream #skinwhiteningcream #skincareproducts #skincare #skinpolish #fairness #fairnesscreams #glowglowing #glowingskin #darkspots #darkspotremoval #darkspotsolution #rashes #pimples,27,30,14.00%
AMR,amrbeauty19,"#whitening #whiteningcream #whiteningskin #skinwhitening #skinwhiteningcream #skinwhiteningph #deadskin #deadskinremoval #skincare #skincareroutine #skincaretips #skincareproducts #skincareaddict #glow #glowglowing #explore #explorepage #post #newpost #postoftheday #photo #photooftheday
",40,400,28.00%
DER,dermcarepvt.ltd,#melanex #skinwhiteningcream #yourskinmatters #dermcare #skincare,9,12,18.00%
NBS,naturalbeautybysaarah,"#skincare #skinwhiteningcream #clearskin #glowingskin
",1,14,30.00%
SRN,skin_renew,#SkinRenew #acnescars #whiteningcream #whiteningcreams #renewalcomplex #retinol #retinolserum #skinwhitening #skinwhiteningcream #skinwhiteningproduct,1,7,26.00%
SCH,skin_whitening_cream_home_made,#skincarenatural #skincare #skinwhitening #skintreatment #skin #skinwhiteningcream,3,22,15.00%
DJJ,dr.javaria_jamil,#skincare #skincareroutine #skinwhitening #skinwhiteningcream #glowkit #glowingskin #glowingskincare,0,400,1.00%
IHP,incare_hyperpharmacy,#skinwhitening #skinwhiteningcream #incarepharmacy #skinproblems #skinwhiteningproduct #skincareroutine #cream #skincream #facecream #cosmeticproducts #nilambur #manjeri #areekode #malappuram,24,85,36.00%
SJS,skin_whitening_janat_shaihk,#skinwhiteningcream #ski #skincream,0,8,17.00%
CAG,cleanseandglowoffical,"#skincare #skincareroutine
#skinwhiteningcream
#bodywhitening #Lotion #skincareproducts #skincarenatural",9,49,2.00%
EBS,elixir_beautyandscent,#pureglowskincare #pureglowwhiteningmilk #skinwhiteningcream #skinwhitening #abujaskincare,0,7,6.00%
MWS,makeup_with_sense,#makeupwithsense #herbalproduct #fairnesscream #whiteningcream #skinwhiteningcream,0,1,13.00%
LSS,laglow_skincare,#Healthyskin #skingoals #skinlike #skincareinlagos #bestskincarebrand #skinwhiteningcream #skinrepair #skinrejuvenate,1,24,16.00%
SVG,sv_glams, #dipikaibrahim #dipikakakkar #dipikakakarlovers #msdipika  #simar #reelkarofeelkaro #reelviral  #sasuralsimarka  #ejf #hinakhan   #sidnaaz #sabaibrahim #shoibibrahimofficial #ibrahimfamily #trending #sabasunny #munawarfaruqui #reels #skinwhitening #skinwhiteningcream #skin #face #facecream #fairnesscream #fairness #glow #soap #soapmaking #homemadecream #shampoo,0,12,184.00%
EBB,effortless_beauty_corner,#facewhiteningcreamreview #facewhiteningcream #facewhitening #acneremoval #acntreatment #satisfied_customer #skinwhiteningcream #whiteningcream #Allhamdulillah #effortlessbeautycorner,7,30,55.00%
KGL,kirahglow,#beautyprofessional #beautyproducts #skincareproductsthatwork #skincare #skincarejunkie #skincareaddict #beautytips #beautycareproductsonline #beautyproductstore #buybeautyproducts #skincareroutines #spaproducts #spaproduct #skinglowing #skinglow #skinwhitening #skinwhiteningcream,3,14,0
NGT,natures_glow25,#extrabodywhitecream #extrawhitening #whiteningcream #skinwhiteningcream #skincareproducts #skincare #skinpolish #fairness #fairnesscreams #glowglowing #glowingskin #darkspots #darkspotremoval #darkspotsolution #rashes #pimples,0,6,14.00%
AHB,arshbeautyofficial,"#bridalmakeupartist #bridalhair #indianbride #indianwedding #bridetobe #makeuptutorial #weddingdress #makeuplooks #weddinginspiration #bridesmaids #makeupideas
#facewhiteningcream #whiteningcream #facewhitening #skincareroutine #skinwhitening #skinwhiteningcream #skinbrightenin #skincareproducts #fairnesscream #explore #explorepage #viralpost
#bridalmakeup #makeupartist #makeup #bride #weddingmakeup #bridallehenga",3,20,2.00%
SBH,skinwhitening_by_herbaveda_,#skinwhitening#skinwhiteningcream#mumbai #beautiful #glowskin #skincareproducts #skindoctor #healthylifestyle #pimplepopping #acneproblems #blackheads #acnetreatments #acnepositive #acneskincare #pigmentation #pigment #skincaretip #diybeauty #skinremedies #haldiceremony#fairskin#diy#fairskinproblems#whiteningcream#chennai#tamilnadu#banglore#fairnesscream#acnecream#clearskin,14,89,14.00%
GOS,gugan_orgaanics,"#guganorgaanics
#skinwhiteningcream #skinbrighteningcream #skinwhitening #skinwhiteningproduct #skincareproducts #skincareorganic #skincare #glowingskin #glowingskincare #skinglowingxds",0,4,19.00%